id,name
,100 Años
,100 Pipers
,1880
,1906
,3 Arroyos
,3 Palmas
,3D
,3D'S
,451
,47 Street
,5 Estrellas
,5 Raices
,9 De Oro
,9 Lives
,Absolut
,Absorbex
,Ace
,Acetum
,Acho
,Actimel
,Actis
,Activia
,Adagio
,Ades
,Adler
,Adobe
,Adorita
,Adria
,After Eight
,Agen-Dazs
,Agnesi
,Agtal
,Agua Jane
,Aguila
,Ahmad Tea
,Air Acton
,Aires De Luj
,Aires De Lujan
,Airsun
,Akashi
,Alamel
,Alamos
,Albo
,Alfredo
,Algabo
,Alhambra
,Alma De Flores
,Alma Joven
,Alma Mora
,Almajor
,Almena S.A.
,Almengea
,Alonso & Martinez
,Alpa
,Alpenhain
,Alto De La Ballena
,Altos Del Plata
,Altos Las Hormigas
,Amaretto
,Ambrosoli
,Amor
,Amore
,Amphora
,Amstel
,Anafont
,Anakena
,Ancap
,Anela Fruits
,Angelica Zapata
,Angora
,Angus
,Anhelo
,Anitin
,Anjou
,Ann Bow
,Anselmi
,Antarctica
,Antigua Bodega
,Antiu Xixona
,Aperol
,Apetina
,Apiarios
,Aptenia
,Apti
,Aqua
,Aqua Di Mare
,Aquarius
,Arborio
,Arcoiris
,Arcor
,Ardo
,Aretxaga
,Argan
,Ariel
,Arizona
,Arko
,Arla
,Armi
,Armiño
,Arrecife
,Arretxea
,Arroyo
,Arte Quesero
,Artepan
,Artesano
,Artico
,Aruba
,Arya
,Arytza
,Asado
,Asepxia
,Aspartil
,Astica
,Astra
,Astral
,Atkins
,Atlántico Sur
,Atma
,Augusta
,Auricchio
,Auxana
,Av. Del Oeste
,Aval
,Avanti
,Avesur
,Avícola Del Oeste
,Aviko
,Axe
,Axion
,Aymore
,Ayudín
,Azucarlito
,Babaria
,Babley
,Baby Air
,Babybel
,Babysec
,Bacar
,Bacardi
,Baci Perugina
,Bacoban
,Badia
,Baggio
,Bagley
,Bagovit
,Bahía
,Bahiano
,Baileys
,Bakar
,Baldo
,Ballantines
,Ballerina
,Bambina
,Banana Brasil
,Band-Aid
,Banil
,Baolishi
,Barbacoa
,Barbaria
,Barcatti
,Barcelona
,Barilla
,Baron D´Arignac
,Baronet
,Baronie
,Barquilandia
,Base Coat
,Batman
,Baton
,Batovi
,Bauducco
,Bauer
,Bavaria
,Baygon
,Bc
,Bc La Campagnola
,Beauty And Planet
,Bebe & Co.
,Beckmann
,Beck'S
,Beea
,Beija Flor
,Bela
,Beldent
,Belgian
,Bella Unión
,Belza
,Benjamín
,Benromach
,Beri
,Berni
,Beronia
,Berta B
,Besi
,Betabel
,Bettanin
,Beyond Meat
,Bi O
,Bianchi
,Bib´S
,Bic
,Bic Comfort
,Billiken
,Bimbo
,Bio
,Bi-O
,Bioclin
,Biocrema
,Biodent
,Biodren
,Biokur
,Bio-Oil
,Bioset
,Biotop
,Birra Del Borgo
,Bitburger
,Bitter
,Bizarra
,Black
,Black & White
,Blancanieves
,Blancanube
,Blas
,Blé
,Blem
,Blenders
,Blender'S
,Bles
,Block
,Blue Diamond
,Blue Moon
,Blue Patna
,Bluemar
,Blush
,Boblegum
,Bocatto Di Cardenale
,Bocatto Di Cardinale
,Bodega Altos Las Hormigas
,Bodega Amalaya
,Bodega Ariano
,Bodega Bertolini & Broglio
,Bodega Bouza
,Bodega Brisas
,Bodega Catena Zapata
,Bodega Codorniu
,Bodega Dante Irurtia
,Bodega De Lucca
,Bodega Del Fin Del Mundo
,Bodega Dominio Cassis
,Bodega Don Cristobal 1492
,Bodega España
,Bodega Etchart
,Bodega Fabre Montmayou
,Bodega Familia Zuccardi
,Bodega Finca Flichman
,Bodega Garzón
,Bodega Goyenechea
,Bodega La Rural
,Bodega Los Haroldos
,Bodega Luigi Bosca
,Bodega Moizo Hnos
,Bodega Montes Toscanini
,Bodega Navarro Correas
,Bodega Nieto Senetiner
,Bodega Norton
,Bodega Oceánica José Ignacio
,Bodega Pampas
,Bodega Penitente
,Bodega Pisano
,Bodega Pizzorno
,Bodega Salentein
,Bodega San Huberto
,Bodega Santa Rosa
,Bodega Spinoglio
,Bodega Terrazas De Los Andes
,Bodega Trapiche
,Bodega Traversa
,Bodega Trivento
,Bodega Uxmal
,Bodegas Bianchi
,Bodegas Callia
,Bodegas Carrau
,Bodegas Castillo Viejo
,Bodegas Chandon
,Bodegas Etchart
,Bodegas López
,Bodegas Luzón
,Bodegas Mumm
,Bodegas Protos
,Bodegas Valentín Bianchi
,Bodegas Y Viñedos De La Carolina
,Bodegas Y Viñedos Pintia
,Body Mist
,Body Selby
,Body Touch
,Bolero
,Bombay
,Bon Gout
,Bon Mase
,Bon O Bon
,Bon O Bon Xl
,Bonafide
,Bonalma
,Bonjour Cherie
,Bonne
,Bonne  Maman
,Bonne Maman
,Bonta Lucane
,Bordenave
,Bornier
,Bosfords
,Botrytis
,Bouchon
,Bouza
,Bovina
,Bpu
,Bracaf
,Bracafe
,Brahma
,Branca
,Brany
,Brasas
,Brassetti
,Brassot
,Bravette
,Bravo
,Bref
,Bresesti
,Breviss
,Brezli
,Bridge
,Brien
,Brigadeiro
,Brilhus
,Brillamax
,Brisa
,Brisas De Garzon
,Brisas De Mar
,Brisas Del Este
,Brisas Del Mar
,Britvic
,Bronsol
,Broquel
,Bruggen
,Brüggen
,Brumoline
,Brut
,Bruta
,Buarque
,Buccino
,Buchanans
,Buchanan'S
,Budweiser
,Buffalo Trace
,Buffet
,Buho
,Bull Dog
,Bun
,Buon Mangiare
,Burgerbif
,Burgy
,Butter
,Butter Tof
,Butterfly
,Butterina
,Buzzy
,C2
,Cabaña Las Lilas
,Cabaña Premium
,Cabesas
,Cabo De Peñas
,Cabral
,Cabrales
,Cadabas
,Cadbury
,Cafayate
,Cake
,Cakes
,Calagua
,Calay
,Calcar
,Callia
,Callipo
,Calpryca
,Calvet
,Calvet Celebration
,Calvet D’ Anjou
,Calvo
,Calvo Calvo
,Calypso
,Cambay
,Campari
,Campo Claro
,Campo Di Nonna
,Campoclaro
,Camponuevo
,Camposur
,Canarias
,Canarita
,Canciller
,Cannon
,Cañuelas
,Capilatis
,Capitas
,Capri
,Caprice
,Captain Morgan
,Caputto
,Carandini
,Carbomell
,Carbonell
,Cardhu
,Carefree
,Carey
,Carlos Montes
,Carmencita
,Casa De Beccaria
,Casa De Varzi
,Casa Filgueira
,Casa Fuerte
,Casa Rigani
,Casa Rinaldi
,Casa Silva
,Casancrem
,Casapu
,Casapueblo
,Casaredo
,Cascade
,Cascola
,Casillero Del Diablo
,Cassegrain
,Castel
,Castel Pujol
,Castillo
,Casting
,Catamayor
,Catena
,Catena Zapata
,Cativelli
,Cattiveli
,Cattivelli
,Catto
,Cattos
,Cavallaro
,Cavas Freixenet
,Cavendish
,Cavendish & Harley
,Cavenidsh
,Cavicchioli
,Celebes
,Celilife
,Celisano
,Celusal
,Cemoi
,Centenario
,Cepita
,Cepita Del Valle
,Cera H
,Ceramicol
,Cereal Mix
,Cerealitas
,Cerro Chapeu
,Cerro Del Toro
,Cerro Negro
,Cerros Azules
,Ceylan
,Chaj
,Chaja
,Chalita
,Chandon
,Chaqueño
,Chardonnay
,Chateau De Lhospitalet
,Chateau Thierry
,Cheek To Cheeck
,Cheetos
,Chef
,Chef De Paris
,Chenet
,Cherito
,Chifleton
,Chilcas
,Chilcas Wines
,Chio
,Chips
,Chips + Maní Chips
,Chips Jamón 70 Gr + Maní Chips
,Chivas
,Chivas Regal
,Chivas Regal Xv
,Chocola
,Chocolino
,Chovi
,Chuker
,Chut Norris
,Cicatricure
,Cidacos
,Ciel
,Ciemme
,Cif
,Cindor
,Cinzano
,Cirlon S.A.
,Ciroc
,Cisne
,Citric
,Citrom
,Citrus
,Ciudadela
,Ck Everyone Edt
,Ck One Edt
,Claldy
,Claldy Fetas Vacío Tienda Inglesa
,Clan Macgregor
,Clan Mc Gregor
,Clara Y Ema
,Classic
,Clausthaler
,Cleahenn
,Clean Pot
,Clear
,Clear Men
,Click
,Clight
,Clinsy
,Clor Pool
,Clovis
,Cloy
,Club
,Club Social
,Club Verde
,Coca Cola
,Coca-Cola
,Cocinero
,Codorniu
,Cofler
,Coitidian
,Colavita
,Colbert
,Colcafe
,Colet
,Colgate
,Colinas De Garz
,Colinas De Garzon
,Colinas De Garzón
,Colmans
,Colmena
,Cololo
,Cololó
,Colonia Las Liebres
,Colonial
,Colorama
,Comfort
,Command
,Conair
,Conamigos
,Conaprole
,Conaprole  Vital
,Conaprole Uht
,Concha Y Toro
,Conchel
,Condesa
,Condor
,Conejo
,Conprole
,Consentina
,Contigo
,Control
,Controls
,Control'S
,Convento Viejo
,Coopar
,Coosur
,Copacabana
,Copenhagen
,Coqueiro
,Coquetería
,Coqueterias
,Corazon Jacquot
,Corega
,Corona
,Coronita
,Corrieri
,Corsini
,Cory
,Cosecha Tarapaca
,Cosentina
,Costa Marina
,Cotes Du Rhone Rou
,Cotidian
,Cotoneve
,Country
,Country Barn
,Cousa
,Cousiño Macul
,Cracker
,Crackers
,Cragganmore
,Crem
,Criadores
,Crimes
,Crisa
,Crispy
,Crispy Nut
,Cristal
,Cristalino
,Crive
,Crivea
,Crivea Talle Xg
,Croa
,Crokissimo
,Crowie
,Crudo
,Crufi
,Crufimax
,Crush
,Crystal
,Cuarto Creciente
,Cucharita
,Cuesta Di Grava
,Cuesta Digrava
,Cuna De Piedra
,Cup Noodle
,Cupido
,Cureband
,Curtiriso
,Cutibel
,Da Colonia
,Dab
,Dacolonia
,Dada
,Dadobier
,Dairyco
,D'Alamel
,Dalcolle
,Dalmore
,Daluar
,Dalwhinnie
,Damm
,Dandre
,D'André
,Danesa
,Danesas
,Danette
,Dani
,Danone
,Danonino
,Dante Robino
,Dardanelli
,D'Aucy
,Davok
,Ddl Freddo
,De Cecco
,De Cocco
,De La Chacra
,De La Plata
,De La Sierra
,De La Tierra
,De Las Heras
,De Las Sierra De Minas
,De Las Sierras De Minas
,De Ley
,De Lucca
,De Lucca Premier
,De Nigris
,De Oro
,Deep
,Del Campo A La Mesa
,Del Cebador
,Del Duende
,Del Fin Del Mundo
,Del Gaucho
,Del Lago
,Del Monte
,Del Perrito
,Del Plata
,Del Puerto
,Del Uruguay
,Del Valle
,Delasheras
,Delaviuda
,Deli
,Delibest
,Delice
,Delicia
,Delicias
,Delight
,Delirium
,Deluxe
,Demipiel
,Dento
,Denucio
,Depi Roll
,Depilart
,Depilissima
,Depimiel
,Depiroll
,Dermavite
,Desire
,Desiree
,Desitin
,Deter Jane
,Dewar
,Dewars
,Di Modena
,Diamant
,Dimax
,Dino Dardanelli
,Discovery
,Disney
,Dispnat
,Divella
,Diversion
,Divine
,Docile
,Dodoni
,Dolce Gusto
,Dolce Vita
,Dolcelight
,Dolceria
,Dolceria Alba
,Dolcería Alba
,Dole
,Domaine Bousquet
,Don Carlos
,Don David
,Don Farruco
,Don Frutero
,Don Gusto
,Don Jos
,Don Osvaldo
,Don Pascual
,Don Prospero
,Don Quico
,Don Santi
,Don Valentin
,Dona Chola
,Dona Coca
,Doña Elvira
,Dona Jimena
,Doña Jimena
,Doña Maria
,Doña Pupa
,Dori
,Doritos
,Dorothy Gray
,Dos Anclas
,Dos En Uno
,Dos Hermanos
,Dos Orientales
,Dove
,Downy
,Downy Pouch
,Dr Selby
,"Dr, Selby"
,Dr. Beckmann
,Dr. Selby
,Dr.Beckmann
,Dr.Selby
,Dressing
,Drive
,Drogueria Paysandu
,Droguería Paysandú
,Droste
,Ducado Real
,Ducoco
,Duerr
,Dukita
,Dunbar
,Duramas
,Durr
,Dv Catena
,Dylon
,Earth
,Eatzen
,Eau De Toilette
,Eco Clor
,Eco Soft
,Ecoesponja
,Ecologito
,Ecomil
,Ecume
,Écume
,Ecume Espuma Antibacterial 300Ml
,Ed+
,Edp 50 Ml + Mini Edp
,Efece
,Efficient
,El Almendro
,El Buen Gusto
,El Carruaje
,El Caserito
,El Chana
,El Charro
,El Cordobés
,El Coto De La Rioja
,El De La Medallita
,El Equilibrio
,El Esteco
,El Faro
,El Gaucho
,El Hogar
,El Jefe
,El Lobo
,El Maestro Artesano
,El Maestro Cubano
,El Moncayo
,El Naranjo
,El Nuevo Gaucho
,El Palacio Del Caf
,El Pozo
,El Rey
,El Sauce
,El Silente
,El Torreon
,El Trebol
,El Trébol
,El Trigal
,Elctron
,Electron
,Elements
,Elgorriaga
,Elgovita
,Eliot
,Elite
,Elliot
,Elnet
,Elnett
,Elvira
,Elvive
,Embare
,Emborg
,Emigrante
,Emilia
,Emiliana
,Emmi
,Encasa
,Enigma
,Entre Rios
,Entusiastas
,Epidor
,Equador
,Equal
,Equiador
,Equilibrio
,Erne
,Escorihuela
,Escorihuela Gascon
,Escorihuela Gascón
,Escudo
,Esfebron
,Espadol
,España
,España E Hijos
,Esponja
,Establecimiento Juanicó
,Establecimiento Valle Maria
,Estancia Mendoza
,Estrella
,Estrella Damm
,Estrella De Gal
,Estrella Dumm
,Estrella Galicia
,Estrellas
,Etchart
,Etosha
,Etosha 350G ¡Apto Para Veganos
,Eugenio Bustos
,Evan Williams Honey
,Evian
,Evolution
,Excellence
,Excellence Creme
,Exent
,Extra Cativelli
,Fa
,Fabre Montmayou
,Fabre Montmayour
,Fabuloso
,Faisan
,Falcone
,Famiglia Bianchi
,Familia Dardanelli
,Familia Deicas
,Familia Gascon
,Familia Traversa
,Familiar
,Famosa
,Famous Grouse
,Fandangos
,Fanta
,Farinel
,Farm Frites
,Farming
,Farnese
,Farnesse
,Fasana
,Faxe
,Federico De Alvear
,Federz
,Felfort
,Felicia
,Felippo Berio
,Felpita
,Ferrero
,Ferrero Rocher
,Festiva
,Fhom
,Fiesta
,Filgueira
,Filippo
,Filippo Berio
,Filtrapoz
,Fin Del Mundo
,Finas Hierbas
,Finca La Linda
,Finca Las Moras
,Finca Natalina
,Fine Drops
,Fini
,Finlandia
,Firma
,Fisema
,Fitness
,Fixed
,Fixodent
,Flags
,Flanders
,Flanders Best
,Flay
,Fleischamnn
,Fleischmann
,Flex
,Flor Verde
,Florence
,Florestal
,Florex
,Fond De Cave
,Font
,Forma
,Formaggio
,Forno De Minas
,Fortín
,Fragance
,Fragata
,Frankonia
,Franks
,Franui
,Franuí
,Franziskaner
,Fratelli
,Freddo
,Free Damm
,Free Yu
,Freixenet
,French´S
,Frenchs
,Fresh Market
,Fresh Up
,Frical
,Friedrich
,Friedrichs
,Friendship
,Frienship
,Frigorifico Centenario
,Friokubo
,Fripur
,Fritolim
,Frontera
,Froot Loops
,Fructis
,Fruitgran
,Frutare
,Frutas
,Fruteiro
,Frutigran
,Frutika
,Fuji
,Fuller
,Funsa
,Futuro
,Fuyi
,Ga.Ma
,Gaboardi
,Gallo
,Gallo Snack
,Gancia
,Gargnano
,Garlic Dressing
,Garnie
,Garnier
,Garoto
,Garz
,Garzon
,Gatillo
,Gato Negro
,Gatorade
,Gebetto
,Gelatti
,Gen Fisch
,General Foods
,Generica
,Genovese
,Genser
,Georgalos
,Geraradin
,Gerardin
,Gherkins Paulsen
,Giacomo
,Gibur
,Gigante
,Gilbeys
,Gilette
,Gillete
,Gillette
,Gilllette
,Gimenez Mendez
,Giménez Mendez
,Gimenez Mendz
,Gimoka
,Gingko
,Ginnou
,Giovanni Rana
,Girando Sol
,Givenchy
,Glade
,Glantz
,Glassa
,Glenfarclas
,Glenfiddich
,Glenkinchie
,Glu
,Gobber
,Goiabada
,Goicochea
,Goicoechea
,Gold
,Golden
,Golden Fish
,Golpe
,Gomes Da Costa
,Gomez Da Costa
,Goodlooking
,Goose Island
,Gorlero
,Gota Limpa
,Gourmet
,Gragnano
,Gran Tradici
,Gran Tradicion
,Granby
,Granetti
,Granix
,Granja 3 Soles
,Granja Brassetti
,Granja Brassetti Sin Sal. Horma 0.900 Kg
,Granja Juan Delpino
,Granja La Familia
,Granja Mallorca
,Granja Mg
,Granja Narbona
,Granja Naturalia
,Granja Pocha
,Granja Tres Arroyos
,Granja Tres Arroyos Iqf
,Grants
,Grant'S
,Green Chef
,Gregsons
,Gregson'S
,Griego
,Griselda
,Grupo Vini
,Guante
,Guila
,Guill
,Gull
,Gullon
,Gullón
,Gum
,H
,H. Stagnari
,H2Oh
,Haagen
,Haagen Dazs
,Häagen-Dazs
,Haas
,Hacienda Premium
,Hag
,Hahne
,Hall
,Hallmark
,Halloren
,Halloumi
,Halls
,Hamby
,Hamlet
,Haribo
,Harinel
,Harper
,Harpic
,Harpic Power
,Hass
,Haulani
,Havana Club
,Hawaian Tropic
,Hawaiian Tropic
,Head  & Shoulders
,Head & Shoulder
,Head & Shoulders
,Hector Faraut
,Heers
,Heineken
,Heinz
,Helios
,Helix
,Hellmann
,Hellmanns
,Hellmann'S
,Hello Kitty
,Helvetica
,Henaff
,Hénaff
,Heno De Pravia
,Hepamida
,Heras
,Herbal
,Herbal Essences
,Heros
,Herr Reduced
,Herradura
,Herrs
,Herr'S
,Hidalgo
,Hidrofarm
,Higienol
,Hinds
,Hings
,Hit Con Baño De Chocolate Ricard
,Hits
,Hoegaarden
,Hofjager
,Hofjäger
,Hogareas
,Hogareñas
,Hojalmar
,Hoki
,Home
,Homenaje
,Honey Nut
,Honrex
,Hornex
,Hornimans
,Hortalizas
,Ht5
,Hubba Bubba
,Huercasa
,Huerta La Clé
,Huggies
,Hunan
,Iara
,Iber Cook
,Iberitos
,Icam
,Ideal
,Igora
,Iguacu
,Iguacú
,Iguaçu
,Il Genovese
,Ile De France
,Ilicit
,Illy
,Imperial
,Impulse
,Inalpa
,Incoprotect
,Indaprotect
,Indasec
,India Muerta
,Inglesa
,Inka
,Inka Chips
,Inka Corn
,Inspirada
,Instituto Español
,Inverni
,Invernizzi
,Invierni
,Io
,Ipa 24.7 Patagonia
,Irurita
,Irurtia
,Isabel
,Isabela
,Isabella
,Isle Of Jura
,Issue
,Italpepe
,Iyosei
,J&B
,J&J
,Jack Daniels
,Jacobs
,Jacobsen
,Jacobsens
,Jacquot
,Jamboree
,Jameson
,Jane
,Jasmine
,Jaspe
,Jean Brunet
,Jean Deloix
,Jean Francois
,Jean Nicolas
,Jeremi
,Jer-Emi
,Jg Gaberoni
,Jim Beam
,Jimo
,John Frieda
,Johnnie Walker
,Johnson & Johnson
,Johnsons
,Johnson'S
,Jolie
,José G. Gamberoni
,Jose Gamberoni
,José Gamberoni
,Jose Gemberoni
,Jose Ignacio
,José Ignacio
,Juan Carrau
,Juan Sarubbi
,Juan Valdez
,Juana La Loca
,Jumbo
,Jumex
,Jupiter
,Júpiter
,Jura
,Jurado
,Kalfany
,Kali
,Karina
,Karinat
,Kartago
,Katanyi
,Kathy Seashells
,Kedem
,Keler
,Kellogg´S
,Kelloggs
,Kellogg'S
,Kellogs
,Kenia
,Kenko
,Kesitas
,Kiaora
,Kikkoman
,Kilner
,Kinder
,King
,Kingmix
,Kioto
,Kit Kat
,Kitabol
,Kitagras
,Kiwa
,Kiwanis
,Klaro
,Kliner
,Km 0
,Km. 0
,Knorr
,Koleston
,Kolynos
,Konjac
,Kosiuko
,Kotanyi
,Kotányi
,Kotex
,Kraft
,Krispies
,Kruger
,Krüger
,Kryzpo
,Kuchen Meister
,Kuhne
,Kühne
,Kunstmann
,Kuntsmann
,Kyoto
,L´Oreal
,La Abundancia
,La Banderita
,La Cabaña
,La Campagnola
,La Campagnola Bc
,La Celestina
,La Celia
,La Chacra
,La Cigale
,La Cloche
,La Constancia
,La Coste
,La Costeña
,La Dolfina
,La Epicurea
,La Española
,La Especialista
,La Esperanza
,La Estancia
,La Familia
,La Gijonesa
,La Gnoccheria
,La Guillermina
,La Herboristería
,La Heredera
,La Linda
,La Mallorquina
,La Manchega
,La Molisana
,La Nena
,La Pataia
,La Pedriza
,La Plata
,La Poderosa
,La Pradera
,La Pureza
,La Quesera
,La Receta
,La Repisada
,La Selva
,La Serenisima
,La Sibarita
,La Sierrita
,La Sin Rival
,La Strega
,La Surena
,La Sureña
,La Tourangelle
,La Trigueña
,La Vache Qui Ri
,La Virginia
,Lacta
,Lactacyd
,Lactovid
,Lactovit
,Lady Selby
,Lady Speed Stick
,Ladysoft
,Lahusen
,Lambweston
,Lan Show
,Landana
,Lapataia
,Laphroaig
,Las Acacias
,Las Brujas
,Las Heras
,Las Liebres
,Las Magdalenas
,Las Moras
,Las Rosas
,Latita
,Latitud
,Lavazza
,Lays
,Lay'S
,Le Pot
,Lea & Perrins
,Leader Kids
,Leader Price
,Ledevit
,Lee Kum Kee
,Leffe
,Legacy
,Lele Muu
,Leocrema
,Leon De Tarapaca
,León De Tarapaca
,Lepot
,Les Trois Chees
,Levoni
,Lia
,Lider
,Limasol
,Limay
,Lindt
,Lindt Lindor
,Lipton
,Listerine
,Live
,Livianitas
,Livopen
,Livre
,Loli
,Loma Verde
,Longmorn
,Lord Cheseline
,Loreal
,L'Oreal
,Lorenz
,Loreto
,Los Abuelos
,Los Cerros De San Juan
,Los Cerros De San Juán
,Los Dos Leones
,Los Haroldos
,Los Monjes
,Los Nietitos
,Los Ranchos
,Los Sauces
,Los Sorchantes
,Lote
,Lote 8
,Love
,Love Beauty And Planet
,Lovely
,Lover
,Loving Love
,Lowcol
,Lowenbrau
,Lu Lu
,Lucane
,Lugare
,Luigi Bosca
,Lule Muu
,Lutosa
,Lux
,Lyle
,Lysoform
,M&M
,Maasdam
,Macallan
,Macaroni & Cheese
,Macarthur
,Macarthur´S
,Mach3
,Macha
,Mackays
,Macrobiotica
,Maderos De San Juan
,Madre Tierra
,Maese Miguel
,Maese-Miguel
,Maestro Cubano
,Mafalda
,Maggi
,Magic
,Magic Toast
,Magistral
,Magl
,Magle
,Magno
,Magretto
,Mahou
,Maia
,Maille
,Maitre Truffout
,Maître Truffout
,Maiz Saint
,Maizena
,Mallorca
,Malma
,Maltex
,Mama Cocina
,Mamá Cocina
,Mammen
,Mamminger
,Mana
,Mande Patrón
,Manducas
,Mani
,Manic
,Manix
,Manjar
,Manleys
,Manolo
,Mantecol
,Mantex
,Mantova
,Manuscrito
,Mapa
,Mapa Ultra Fuerte Talle Xg
,Mar Austral
,Marbella
,Marcal
,Marco Polo
,Marcopolo
,Mare
,Maretti
,María Bonita
,Maria Frizz
,Maria Racine
,Marichal
,Marichal Vinos Finos
,Marie
,Marilan
,Mariola
,Marley
,Marloms
,Marmolado
,Marques
,Marqués De Cáceres
,Marques De Casa Concha
,Marqués De Riscal
,Mars
,Marselan
,Martin Miller'S
,Martini
,Maruja
,Mas
,Mas Color
,Masa Madre
,Masamadre
,Mastemacher
,Mastra
,Match3
,Matilde Vicenzi
,Matisse
,Matriarca
,Matua
,Matutina
,Mavalerio
,Maybelline
,Mayoliva
,Mays
,Mayuscula
,Mazza
,Mazzei
,Mc Cain
,Mc Cormick
,Mc Cornick
,Mccain
,Mccormick
,Mccornick
,Mecha Y Mecha
,Mechi
,Medallas
,Medio Grano
,Medipilus
,Mediplus
,Mediterraneo
,Melini
,Melinta
,Melita
,Melville
,Membrillar
,Memis
,Memorable
,Mendorato
,Mendoza
,Menoyo
,Menthoplus
,Mentos
,Mentos Up
,Mercier
,Merclin
,Merengo
,Merheje
,Merienda
,Merienda Sote Xl
,Mery
,Mestemacher
,Mia
,Miau
,Michelob
,Mike It Fun
,Mil Colores
,Mil Cores
,Mileva
,Milka
,Milky
,Millefiori
,Miller
,Milred
,Milros
,Mimosa
,Minigrill
,Minora
,Minuto Verde
,Mirinda
,Mirokumai
,Misiones D´Rengo
,Misiones De Rengo
,Misky
,Mission
,Mister Pan
,Mister Pop
,Mister Pops
,Mister Pop'S
,Mistral
,Mix Flanders
,Mixed Nuts
,Mococa
,Modelo
,Mogul
,Mokate
,Molini Pizzuti
,Molino Dolores
,Molino Guido
,Molinos Del Bosque
,Monari Federzoni
,Moncayo
,Monda
,Monerris Llinares
,Monita
,Monseñor
,Monte Coudine
,Monte Cudine
,Montecillo
,Montecudine
,Montegrappa
,Montenegrino
,Montes Alpha
,Montes Toscanini
,Montesol
,Montevergine
,Morixe
,Morocha
,Mortimer
,Mosmann
,Mouton Cadet
,Mp-Wines
,Mr Clean
,Mr Musculo
,Mr. Magic
,Mr. Musculo
,Mr.Musculo
,Multiuso
,Mumm
,Mundial
,Mutti
,My Motto
,Nacho
,Nail Mate
,Nampe
,Naranjo
,Narbona
,Nat Bars
,Nativa
,Nativo
,Natur Green
,Natura
,Natural Artesano
,Natural Bars
,Natural Earth
,Natural Earth Products
,Natural Free
,Natural Honey
,Natural Tree
,Naturalia
,Naturalia 600 Gr + Vino Blanco Don Pascual
,Naturalmente
,Nature Valley
,Nature’S Heart
,Natures Path
,Naturezas
,Naturgreen
,Natus-Bar
,Nautique
,Navarro Correas
,Nerds
,Nescaf
,Nescafe
,Nescafé
,Nescao
,Nescau
,Nesfit
,Nesquik
,Nestl
,Nestle
,Nestlé
,Neugebauer
,Neutrogena
,Nevares
,Nevex
,Nevex Ultra
,New Age
,New Color
,Next
,Nexxus
,Nicasia
,Nidemar
,Nieto Senetiner
,Nieva
,Nike
,Nikolo
,Nissin
,Niter
,Nivea
,No-Ad
,Nobbs
,Nobb'S
,Noble
,Noble Alianza
,Nocchiero
,Noel
,Norben
,Nori
,Normande
,Norte
,Norteña
,Nortesur
,Norton
,Nosotras
,Nova
,Novarro
,Novecento
,Novica
,Nube
,Nucete
,Nuestra Quinta
,Nuova
,Nurty
,Nutela
,Nutella
,Nutra Bien
,Nutri Pleno
,Nutrilate
,Nutrilicias
,Nutrisse
,Nutry
,Nuts
,Nutsbar
,Nyc Edt
,O.B
,O'33
,Ob
,Obao
,Ocean
,Ocean Vibes
,Oceanica
,Oceánica
,Ocho Jovenes
,Oderich
,Odex
,Oerlemans
,Oettinger
,Off
,Olaso
,Old Parr
,Old Pulteney
,Old Spice
,Olioliva
,Oliovita
,Olitalia
,Olivares
,Olivares De Rocha
,One Fry
,Opera
,Optimo
,Oquendo
,Oral
,Oral B
,Oral-B
,Oranjeboom
,Oreal
,Oréal
,Oreal París Lash Paradise Blackest Black Wsh
,Orecchiette
,Oreo
,Orgran
,Orieta
,Oro Verde
,Ortho Pauher
,Ortonense
,Os Reserva Cabernet Gimenez Mendez
,Os Sauvignon Blanc Gimenez Mendez
,Os Tinto Tannat Reserva Gimenez Mendez
,Osem
,Osiris
,Otras Marcas
,Otto
,Ottonello
,Oveja Negra
,Ovina
,Own
,Oxford
,Oyama
,P.A.N
,P.A.N.
,P15
,Paco
,Pagnific
,Pagnifique
,Paisten
,Pajaros Pintados
,Palacios
,Paladar
,Pali Chips
,Palitinhos
,Palitos
,Palmas
,Palmolive
,Palms
,Pam
,Pamela Grant
,Pampa
,Pampers
,Pan De Azúcar
,Panaderia Amsterdam
,Pangiorno
,Panna
,Panteca
,Pantene
,Paradontax
,Parati
,Parmalat
,Parodontax
,Paseo
,Paso De Los Toros
,Paso Del Calpino
,Pastamania
,Pata Negra
,Patagonia
,Patagonia Mare
,Pataro
,Pato
,Pato Purific
,Patricia
,Paulaner
,Paulsen
,Pay Pay
,Paysan Breton
,Pears
,Pedicare
,Pedico
,Pedregal
,Pedro Del Hierro
,Pekelino
,Pele
,Pellegrino
,Penfolds
,Peñon Del Aguila
,Pep
,Pepas Futuro
,Peper Sauce
,Pepitos
,Pepsi
,Pepsico
,Pequeña Granja
,Pequeña Vasija
,Periodont
,Periplo
,Persil
,Perugina
,Peset
,Peter Mertes
,Petit Gateau
,Ph Balanced Secret
,Phebus
,Philadelphia
,Piasten
,Piatti
,Pibe´S
,Pickwick
,Pico Dulce
,Pico Jenner
,Picorell
,Pictolin
,Pictolín
,Pilsen
,Pina
,Pingakol
,Pinguin
,Pinot Noir
,Pipers
,Piquitucho
,Pisano
,Pisano Merlot Rpf
,Pisano Tinto Tannat Rpf
,Piter
,Pittjes
,Pitzer
,Pizcas
,Pizzorno
,Placido
,Planeta Pop
,Planters
,Platinum
,Plenitud
,Plenitude
,Pluma
,Plumita
,Plusbelle
,Pocket
,Poett
,Poise
,Pompeya
,Pond
,Ponds
,Pond'S
,Pontevedra
,Ponti
,Ponti Modena
,Pontyn
,Porcina
,Porco
,Port Salut
,Portezuelo
,Portofino
,Postales Del  Fin Del Mundo
,Postales Del Fin Del Mundo
,Poxilina
,Practiricas
,Pralin
,Prana
,Precio Lider
,Precio Líder
,Predilecta
,Preludio
,Premier
,Premium
,Present
,President
,Président
,Presto Pronta
,Prima Donna
,Prime
,Primicia
,Primor
,Primorosa
,Prince
,Principe Humberto
,Príncipe Humberto
,Principe Humbreto
,Pringles
,Prix
,Proactive
,Procenex
,Prodhin
,Prodhin Tienda Inglesa
,Proprium
,Protagonista
,Proter
,Protergente
,Protex
,Prudence
,Prunes
,Pueblo Del Sol
,Puerto Carmelo
,Puerto Del Sauce
,Punta Ballena
,Punto Verde
,Pura Frutta
,Pura Vida
,Pure
,Purex
,Purilev
,Puritas
,Puro Click
,Push Pop
,Putruele Hnos
,Q-Soft
,Quadrati
,Quaker
,Qualy
,Querub
,Querubin
,Querubín
,Queseria Colonia
,Queseria Helvetica
,Quilmes
,Quitaesmalte
,Quitapenas
,Rabel
,Racine
,Rafael Salgado
,Rafaelli
,Raffaelli
,Raid
,Raid Mata Cucarachas Y Arañas Sin Olor Max
,Rain Gel
,Rallopan
,Rancho Kiaora
,Rausa
,Rawy
,Reach
,Ready
,Readyplast
,Readysec
,Real Thai
,Rebel Nuts
,Recreo
,Red Blend
,Refresh
,Reggia
,Regitas
,Reina De Zaragoza
,Remia
,Renuzit
,Resplandor
,Revelaci
,Revelacion
,Revelación
,Revlon
,Rex
,Rexona
,Ricard
,Ricardito
,Riccoli
,Rice Up
,Riclan
,Riera
,Riga Gold
,Rigby
,Ri-K
,Ring Pop
,Rio Canudinhos
,Rio De La Plata
,Rio De Los Pajaros
,Río Sur
,Rio Verde
,Rioverde
,Riso Inverni
,Ritter
,River Queen
,Riviera Fontana
,Rixdal
,Robin
,Robinson Crusoe
,Roby
,Rocco
,Rocco Beer
,Rocinante
,Rocket
,Rocklets
,Rocofrut
,Rodelu
,Rodelú
,Rodriguez Hermanos
,Rodyvell
,Roldos
,Romanato
,Rosenborg
,Roses
,Roses Hnos. S.R.L
,Rosière
,Rougie
,Royal
,Royal Salute
,Royarina
,Rtico
,Ruffles
,Rugen Fisch
,Rugenfisch
,Rugenfish
,Rush
,Rutini
,Sabat
,Sabia
,Sadia
,Sadinesa
,Saf
,Saf - Instant
,Saf Instant
,Safrina
,Sain Felicien
,Saint
,Saint Caf
,Saint Felicien
,Saintcolet
,Sakura
,Sal Sek
,Saladfresh
,Saladix
,Salanova
,Salentein
,Salus
,Samadhi
,Saman
,San Agustin
,San Andres
,San Felipe
,San Ignacio
,San Pellegrino
,San Remo
,Sandy Mac
,Sangre De Toro
,Sani Klin
,Sanissimo
,Sanosinharina
,Sanpellegrino
,Santa
,Santa Carolina
,Santa Clara
,Santa Edwiges
,Santa Helena
,Santa Julia
,Santa Laura
,Santa Nativa
,Santa Rita
,Santa Rosa
,Santa Teresa
,Sante
,Santiveri
,Sapolio
,Sara
,Sarkis
,"Sarkis X 2 560 Gr ¡Sin Conservantes, 100% Artesanal"
,"Sarkis X 2 Unidades  560 Gr ¡Sin Conservantes, 100% Artesanal"
,"Sarkis X 6 Unidades  480G ¡Sin Conservantes, Hecho En Horno A Leña, 100% Artesanal"
,Sarotti
,Sarubbi
,Saude Da Terra
,Saunces
,Savora
,Scapa
,Schar
,Schewppes
,Schick
,Schin
,Schluckwerder
,Schneck
,Schneider
,Schofferhofer
,Schwartau
,Schwartauer
,Schwarzkopf
,Schweppes
,Scotch - Brite
,Scotch-Brite
,Scott
,Scotti
,Seara
,Secco
,Secret
,Seda
,Sedal
,Selby
,Sello Rojo
,Selton
,Senior
,Sensitive
,Sensodyne
,Sensus
,Septona
,Ser
,Serenata De Amor
,Serenito
,Serenito De Vainilla Con Bananitas Fini
,Serpis
,Serrana
,Serranitas
,Seven
,Seven Up
,Sevenco
,Seventh
,Sharwoods
,Sharwood'S
,Shick
,Shio
,Shiraz
,Shot
,Sibarita
,Siberia
,Sidiet
,Siempre Libre
,Sierra De Minas
,Sierras De Minas
,Silk
,Silos
,Silvo
,Simond
,Simonds
,Simond'S
,Simple
,Simple Calcio
,Simplot
,Sin Culpa
,Sin Sal Agregada Camposur X 12 Unidades 900G ¡Light 40% Menos Grasa
,Sin Sal Congelado Etosha
,Sin Sal Schneck
,Sinculpa
,Singleton
,Sip
,Sir Edwards
,Sir Edward'S
,Six
,Skala
,Ski
,Skip
,Skittles
,Sky
,Sleep
,Smams
,Smileplus
,Smirnoff
,Snickers
,Sococo
,Soignon
,Sojamil
,Sojamil X 6 Unidades 400 Gr ¡No
,Sojamil X6 400 Gr ¡No
,Solanas
,Solar
,Solariego
,Solidarnosc
,Solimeno
,Solimon
,Solimón
,Solubol
,Somat
,Something
,Something Special
,Sorini
,Sorocabana
,Soul
,Southern
,Soya
,Spaten
,Speed
,Speed Stick
,Speyburn
,Spiderman
,Splenda
,Sport
,Spring Salad
,Sprite
,St Dalfour
,St. Dalfour
,St. Marie
,Stagmari
,Stagnari
,Stangen
,Star Lion
,Starbucks
,Stella Artois
,Stevia
,Still
,Stollwerck
,Storck
,Stragnari
,Stubbs
,Studentenfutter
,Studio
,Studio Line
,Style
,Suances
,Suave
,Suavex
,Suavipan
,Sublimar S.A.
,Sucaryl
,Sucralight
,Sucralosa
,Suelto
,Sugus
,Sumun
,Sun
,Sunset
,Super Bock
,Super Fix
,Super Huevo
,Superfruit
,Superhuevo
,Supino
,Supper Fix
,Supremo
,Suprremo
,Sussex
,Sweetlife
,Sweetly
,Sweety
,Swiss
,Swiss Alps
,Sylab
,T Best
,Tabasco
,Tacuarembó
,Tahini
,Taittinger
,Talar
,Talarchic
,Talisker
,Tan
,Tang
,Tano
,Tapiz
,Taragui
,Taragüi
,Tarapac
,Tarapaca
,Tarapacá
,Tarquessia
,Tarquessina
,Ta-Ta
,Tax
,Tbest
,T'Best
,Teacher
,Teatrical
,Teem
,Teimoso
,Teno
,Terma
,Terra
,Terra Verde
,Terrabusi
,Terrazas
,Terrazas De Los Andes
,Terry
,Tervijano
,Tevias
,Thai
,The Botanist
,The Breeder'S Choice
,The Bridge
,The Buzz
,The Glenlivet
,The Macallan
,The Singleton
,Tholem
,Three Seven
,Tia Maruca
,Tic Tac
,Tienda Inglesa
,Tienda Inglesa Premium
,Tierra Alta
,Tinto Negro
,Tio Nacho
,Tipiak
,Tiptree
,Titan
,Titania
,Toblerone
,Tofi
,Tok You
,Tomatin
,Tomintoul Tlàth
,Topacio
,Topline
,Torras
,Tortini
,Toscanini
,Tostagrill
,Tostex
,Totoral
,Trapiche
,Traversa
,Trébol
,Tredy
,Treets
,Trekas
,Trendy
,Trenet
,Trento
,Tres Puentes
,Tresemm
,Tresemme
,Trevijano
,Trial
,Triatop
,Trilogia
,Trisoja
,Triunfo
,Trivento
,Trofeo
,Trolli
,Trumpeter
,Try
,Tsing Tao
,Tubin
,Tub-In
,Tulip
,Tulipan
,Tulipán
,Tuvi
,Twinings
,Twinnings
,Twist
,Twisted
,Twistos
,Twisty Cherry
,Twix
,Twix Bar
,U
,Ültje
,Ultralimp
,Umbrela
,Underberg
,Undurraga
,Unhex
,Unisold
,Universal
,Urban Care
,Urbani
,Urupan
,Urusal
,Uv Elvive
,Uxmal
,Valdelice
,Valent
,Valentino
,Valle Del Sol
,Vallisto
,Valmont
,Valsoia
,Valymar
,Vanini
,Vanish
,Vanoli
,Varela Zarranz
,Vascolet
,Vaseline
,Vat 69
,Veet
,Vegandeli
,Vegetalex
,Vegetaléx Tradicionales X4 340G ¡0% Colesterol
,Vegetalex X4 340G ¡0% Colesterol
,Vegetalia
,Venecia
,Ventisquero
,Venus
,Venus Gillette
,Vessena
,Vesubio
,Veuve Cliquot
,Viavita
,Vicente Vidal
,Vici
,Victoria
,Vida
,Vidarroz
,Viejos Robles
,Vigilante
,Viking
,Vileda
,Villa Blanca
,Villa Masa
,Vim
,Viña Canelón Chico
,Viña Concha Y Toro
,Viña Eden
,Viña Las Brujas
,Viña Los Vascos
,Viña Montes
,Viña Salort
,Viña San Rafael
,Viña Tarapacá
,Viña Varela Zarranz
,Vinagala
,Viñedos Balmoral
,Viñedos Y Bodega Filgueira
,Vini Lady
,Vinos De La Carolina
,Violife
,Virginia
,Virginia Salvo
,Virto
,Virtuex
,Virulana
,Virutex
,Vita
,Vita Care
,Vital +
,Vitale
,Vitalisimo
,Viter
,Viva
,Vivere
,Vo2
,Voboro
,Vobro
,Voelkel
,Vogue
,Volcanica
,Volcánica
,Volcanica American Ipa
,Voll-Damm
,Vorago
,Vudu
,Wafer
,Walkers
,Wander Tex
,Warsteiner
,Wasa
,Wassington
,Watt`S
,Watts
,Wawi
,Weiman
,Wella
,Wernsing
,Wersing
,Wetcelean
,Wetclean
,Whiste Horse
,White Horse
,Whyte & Mackay
,Wierquer
,William Lawson
,William Lawsons
,William Lawson'S
,Wofco
,Wolf
,Wonder House
,Wonder Tex
,Wondertex
,Wonka
,Woogie
,Woolite
,Wrigley
,Wrigleys
,Wuyi
,Wyborowa
,Xanapie
,Xanasecto
,Xancol
,Xanint
,Xime Torres
,Xl Bimbo
,Xl Schneck
,Xtreme
,Yaki
,Yakult
,Ybarra
,Ye Monks
,Yemadona
,Yodoflu
,Yogurisimo
,Yoki
,Yoly
,Youngirl
,Yumart
,Zabala
,Zaini
,Zanetti
,Zapican
,Zapicán
,Zarotti
,Zero
,Zeze
,Zig Zag
,Zigzag
,Zillertal
,Zillertal Ipa
,Zinho
,Zip
,Ziploc
,Zoe
,Zorro
,Zorro Matic
,Zucaritas
,Zuccardi
,Zuccardi Concreto
,Zucosos
,Zug
,Zuum
,-
